CODIGO;Municipio;"RATE UNEMPLOYMENT";"RATE ILLITERACY";"CARS 100 HABS.";Z1;Z2;Z3;"DEP. INDEX"
3001;Adsubia;6,02409638554217;1,97;33,9449541284404;1,10241825671786;1,17897727272727;0,707928061346152;0,996441196930428
3002;Agost;7,49262536873156;46,14;26,5758951084216;0,892328273428961;-0,613636363636364;-0,300151147958744;-0,00715307938871542
3003;Agres;23,2558139534884;30,16;23,8165680473373;-1,36277738962638;0,0349025974025974;-0,677624070131699;-0,668499620785159
3004;Aigües;11,6883116883117;19,83;34,4086021505376;0,292087025992606;0,45413961038961;0,771354603356722;0,505860413246313
3005;Albatera;15,1701877934272;30,61;26,6012629679747;-0,206035449703467;0,0166396103896104;-0,296680852534235;-0,162025563949364
3006;Alcalalí;12,4513618677043;3,84;44,6191051995163;0,182923910199674;1,10308441558442;2,16814024617186;1,15138285731865
3007;"Alcocer de Planes";15,5555555555556;0;43,9024390243902;-0,261166746145287;1,25892857142857;2,0701010977278;1,02262097433703
3008;Alcoleja;9,09090909090909;0;27,2727272727273;0,663675380413578;1,25892857142857;-0,204825270488746;0,572592893784468
3009;"Alcoi / Alcoy";20,6789293805921;29,36;32,2022773758281;-0,994124374905886;0,0673701298701299;0,46953178875897;-0,152407485425595
3010;Alfafara;21,1920529801325;8,17;29,0726817042606;-1,06753261518347;0,927353896103896;0,0414065258906497;-0,0329240643963078
3011;"Alfàs del Pi, l'";7,9136690647482;4,93;41,6198347107438;0,832093123784235;1,0588474025974;1,75784332568315;1,21626128402159
3012;Algorfa;15,8690176322418;30,56;32,387923147301;-0,306011106186239;0,0186688311688312;0,494927927127361;0,0691952173699843
3013;Algueña;21,9367588932806;49,06;34,7651006711409;-1,17407137242928;-0,732142857142857;0,820123210826394;-0,362030339581913
3014;"Alacant / Alicante";16,7612388172716;21,59;39,9381481355919;-0,433653621927274;0,382711038961039;1,52779044262544;0,492282619886401
3015;Almoradí;14,7307612956468;56,2;36,7116759332804;-0,143170428561773;-1,02191558441558;1,08641257637215;-0,0262244788684039
3016;Almudaina;29,1666666666667;0;19,5488721804511;-2,20839294229852;1,25892857142857;-1,26144019419273;-0,736968188354228
3017;"Alqueria d'Asnar, l'";16,7883211678832;27,1;30,1470588235294;-0,437528064074851;0,159090909090909;0,188380140017703;-0,0300190049887464
3018;Altea;12,390263367917;27,28;46,0442780400456;0,191664754232189;0,151785714285714;2,36310233105959;0,90218426652583
3019;Aspe;25,1956447771351;46,76;26,5534253419097;-1,64029252891775;-0,638798701298701;-0,303224987426854;-0,860772072547769
3020;Balones;30,6451612903226;14,18;30,2631578947368;-2,41990862522498;0,683441558441558;0,204262365901073;-0,510734900294115
3021;"Banyeres de Mariola";13,7504828118965;15,35;33,3475601081235;-0,0029303021311138;0,635957792207792;0,626205213149588;0,419744234408755
3022;Benasau;13,4831460674157;0;30,316742081448;0,0353152979376639;1,25892857142857;0,211592624001089;0,501945497789108
3023;Beneixama;11,4754098360656;3,09;25,2886201209456;0,32254508783039;1,13352272727273;-0,476248957462985;0,326606285880044
3024;Benejúzar;13,6208853575482;35,5;27,7968281183026;0,0156101062162748;-0,181818181818182;-0,133128848385415;-0,0997789746624408
3025;Benferri;13,6507936507937;57,32;31,7175974710221;0,011331380430093;-1,06737012987013;0,403228108210962;-0,217603547076358
3026;Beniarbeig;8;23,26;33,0290456431535;0,819742489270386;0,314935064935065;0,582632782921139;0,572436779042197
3027;Beniardá;6,79611650485437;18,26;33,3333333333333;0,991971887717544;0,517857142857143;0,624259005927952;0,711362678834213
3028;Beniarrés;19,5501730103806;12,33;22,5548902195609;-0,832642776878487;0,758522727272727;-0,850220216202342;-0,308113421936034
3029;Benigembla;4,51127819548872;8,85;33,3333333333333;1,31884432110319;0,899756493506494;0,624259005927952;0,947619940179211
3030;Benidoleig;6,12244897959184;17,83;51,5;1,08834778546612;0,535308441558442;3,109439124487;1,57769845050385
3031;Benidorm;16,8150292174103;15,23;42,029122096037;-0,441348958141674;0,640827922077922;1,81383339207072;0,671104118668989
3032;Benifallim;23,943661971831;0;36,144578313253;-1,46118197021902;1,25892857142857;1,00883424257907;0,268860281262873
3033;Benifato;16,6666666666667;43,1;37,0967741935484;-0,420123986647591;-0,49025974025974;1,13909359692864;0,0762366233404373
3034;Benijófar;13;31,13;31,8151815181518;0,104434907010014;-0,00446428571428569;0,416577499063176;0,172182706786301
3035;Benilloba;22,1105527638191;6,8;37,0177267987487;-1,19893458709858;0,982954545454545;1,12827999982882;0,304099986061595
3036;Benillup;15,1515151515152;0;22,3684210526316;-0,203364113235358;1,25892857142857;-0,875728994168047;0,0599451546750556
3037;Benimantell;3,2258064516129;0;32,2295805739514;1,50274585813835;1,25892857142857;0,473266836381865;1,07831375531626
3038;Benimarfull;23,5294117647059;25,77;30,2884615384615;-1,40191870739712;0,213068181818182;0,207723876670525;-0,327042216302805
3039;Benimassot;15,5555555555556;0;27,1186440677966;-0,261166746145287;1,25892857142857;-0,225903684295949;0,257286046995778
3040;Benimeli;11,5044247787611;0;33,2298136645963;0,318394166128604;1,25892857142857;0,610097628535743;0,729140122030973
3041;Benissa;10,0689655172414;13,86;53,4120571783717;0,523753144886784;0,696428571428571;3,37100645394961;1,53039605675499
3042;"Poble Nou de Benitatxell, el / Benitachell";5,32445923460898;15,98;47,6538695917124;1,20250940849657;0,61038961038961;2,5832926938047;1,46539723756363
3043;Biar;11,8935837245696;27,7;26,1719873454127;0,262720497200338;0,13474025974026;-0,355405287905238;0,0140184896784533
3044;Bigastro;11,8397887323944;65,9;29,3478260869565;0,27041649035846;-1,41558441558442;0,0790459763278418;-0,355373982966038
3045;Bolulla;6,54205607476635;7,72;17,6895306859206;1,0283181581164;0,945616883116883;-1,51579607579746;0,152712988478609
3046;Busot;13,972602739726;42,15;39,340885684861;-0,0347071158406334;-0,451704545454545;1,44608559300424;0,319891310569686
3047;"Calp / Calpe";18,0551761813712;5,73;54,1514555836376;-0,618766263429357;1,02637987012987;3,47215534659885;1,29325631776645
3048;"Callosa d'En Sarrià";4,90654205607477;30,74;23,3880656788146;1,26229727380905;0,0113636363636364;-0,736242725196364;0,179139394992106
3049;"Callosa de Segura";18,5901080159181;86,84;27,2327469553451;-0,695294422878131;-2,26542207792208;-0,210294534152522;-1,05700367831758
3050;"Campello, el";14,5858783288541;24,77;45,4638029994445;-0,12244325162434;0,253652597402597;2,28369398077217;0,804967775516808
3051;"Camp de Mirra, el / Campo de Mirra";18,4397163120567;30,67;27,445652173913;-0,673779157661908;0,0142045454545454;-0,18116933325403;-0,280247981820464
3052;Cañada;11,7788461538462;39,09;28,2385834109972;0,279135028062067;-0,327516233766234;-0,07269720779792;-0,0403594711673624
3053;Castalla;13,9660772284374;20,19;29,3401576981602;-0,0337735663000552;0,439529220779221;0,0779969491327211;0,161250867870629
3054;"Castell de Castells";1,53061224489796;39,84;19,1729323308271;1,74526291203177;-0,357954545454546;-1,31286835419602;0,0248133374603987
3055;Catral;17,4278215223097;44,75;27,0433229120143;-0,529015954550745;-0,557224025974026;-0,236207535976157;-0,440815838833643
3056;Cocentaina;19,3004850651008;28,93;29,8767772511848;-0,796922040786958;0,0848214285714286;0,151405916714752;-0,186898231833593
3057;Confrides;6;0;32,6599326599327;1,10586552217454;1,25892857142857;0,532138530770542;0,96564420812455
3058;Cox;7,99798792756539;75,05;23,4205607476636;0,820030339404093;-1,78693181818182;-0,731797435340144;-0,566232971372623
3059;Crevillent;19,750495511251;37,73;31,8145765400546;-0,861301217632478;-0,272321428571428;0,416494738721565;-0,239042635827447
3060;Quatretondeta;20,4081632653061;0;18,5;-0,955388163849231;1,25892857142857;-1,40492476060192;-0,367128117674191
3061;"Daya Nueva";11,134903640257;39,7;32,6105087572977;0,371258420564098;-0,352272727272727;0,525377394979172;0,181454362756847
3062;"Daya Vieja";15,3846153846154;61,86;43,5643564356436;-0,236711786068009;-1,25162337662338;2,02385176958188;0,178505535630166
3063;Dénia;10,4461790498217;22,73;43,7126473913746;0,469788404889597;0,336444805194805;2,04413781003756;0,950123673373988
3064;Dolores;15,2380952380952;49,51;29,5341241189617;-0,215750391716057;-0,750405844155844;0,10453134322321;-0,287208297549564
3065;"Elx / Elche";23,1612082244994;33,82;35,0974678563452;-1,34924295057215;-0,113636363636364;0,865590678022606;-0,199096212061971
3066;Elda;35,5543395908746;32,04;35,4553817847286;-3,12222311743557;-0,0413961038961039;0,914552911727581;-0,749688769868032
3067;Facheca;23,0769230769231;0;27,007299270073;-1,3371849895455;1,25892857142857;-0,241135530769769;-0,106463982962234
3068;Famorca;6,25;0;25,7142857142857;1,07010014306152;1,25892857142857;-0,418018370138753;0,637003448117111
3069;Finestrat;6,61157024793388;8,42;39,5437262357414;1,01837335508814;0,917207792207792;1,47383395837776;1,13647170189123
3070;"Formentera del Segura";10,7638888888889;56,71;24,3589743589744;0,424336353520903;-1,04261363636364;-0,603423480304465;-0,407233587715733
3071;"Gata de Gorgos";6,78053830227743;41,69;33,2325065537407;0,994200529001798;-0,433035714285714;0,610466012823622;0,390543609179902
3072;Gaianes;15,4471544715447;16,18;24,773413897281;-0,245658722681647;0,602272727272727;-0,546728605023123;-0,0633715334773478
3073;Gorga;14,018691588785;0;30,9278350515464;-0,0413006564785473;1,25892857142857;0,295189473535758;0,504272462828594
3074;"Granja de Rocamora";10,230179028133;54,18;18,2049974502805;0,500689695546067;-0,939935064935065;-1,44528078655534;-0,628175385314779
3075;Guadalest;0;13,25;36,969696969697;1,96423462088698;0,721185064935065;1,12170957177797;1,26904308586667
3076;"Guardamar del Segura";12,3354644603234;31,81;34,5992172778664;0,199504369052442;-0,0320616883116883;0,797430544167765;0,32162440830284
3077;"Hondón de las Nieves";13,8195777351248;29,98;33,4502103786816;-0,0128151266272903;0,0422077922077922;0,640247657822384;0,223213441134295
3078;"Hondón de los Frailes";6,09137055837564;51,33;29,7445255474453;1,09279391153424;-0,82426948051948;0,133314028378284;0,133946153131016
3079;Ibi;14,1129969774471;24,36;33,8989605994682;-0,054792128390144;0,270292207792208;0,701636196917676;0,30571209210658
3080;Jacarilla;13,8461538461538;50,93;32,4693042291951;-0,0166171453725102;-0,808035714285714;0,506060770067728;-0,106197363196832
3081;"Xaló / Jalón";12,03125;1,13;35,8201328564129;0,243025751072961;1,21306818181818;0,964450459153608;0,806848130681584
3082;"Xàbia / Jávea";5,99961292819818;7,18;51,6056577429734;1,10592089725348;0,967532467532467;3,12389298809485;1,7324487842936
3083;"Xixona / Jijona";12,4366159594342;15,65;33,7769328263625;0,185033482198253;0,623782467532467;0,684942931102939;0,497919626944553
3084;"Orxa, l' / Lorcha";18,1184668989547;51,28;23,4567901234568;-0,627820729464192;-0,82224025974026;-0,72684129638074;-0,725634095195064
3085;Llíber;5,73248407643312;9,3;36,4605543710021;1,14413675587509;0,881493506493506;1,05205942147772;1,02589656128211
3086;Millena;19,5121951219512;23,62;22,2222222222222;-0,827209602568129;0,300324675324675;-0,895728834169327;-0,474204587137593
3088;"Monforte del Cid";13,5775862068966;29,01;28,5346534653465;0,0218045483695921;0,0815746753246752;-0,0321951483794071;0,0237280251049534
3089;"Monòver / Monóvar";35,0867052023121;33,38;31,5081967213115;-3,05532263266268;-0,0957792207792209;0,374582314816892;-0,925506512875003
3090;Mutxamel;15,7333333333333;52,34;33,9461141912265;-0,286599904625655;-0,86525974025974;0,708086756665737;-0,14792429607322
3091;Murla;5,34351145038168;3,03;31,8713450292398;1,19978376961635;1,13595779220779;0,424260605915153;0,920000722579767
3092;"Muro de Alcoy";16,5874901029295;25,61;33,5675015271839;-0,408796867371893;0,219561688311688;0,656292958575085;0,15568592650496
3093;Novelda;16,477410002416;39,85;34,8724234995006;-0,393048641261236;-0,35836038961039;0,83480485629283;0,0277986084737345
3094;"Nucia, la";7,06137968495383;14,41;36,6403422178348;0,954022934913615;0,674107142857143;1,07665420216619;0,901594759978981
3095;Ondara;9,17098445595855;23;33,699481865285;0,652219677259149;0,325487012987013;0,674347724389189;0,55068480487845
3096;Onil;20,0785994998214;7,04;32,3631428140552;-0,908240271791325;0,973214285714286;0,491538004658713;0,185504006193891
3097;Orba;3,4412955465587;4,4;47,4316210807205;1,47191766143652;1,08035714285714;2,55288934072784;1,70172138167383
3098;Orxeta;12,2222222222222;0;32,9457364341085;0,215704975361628;1,25892857142857;0,571236174296652;0,681956573695617
3099;Orihuela;11,4640172964069;64,94;33,3299646286003;0,324174921830204;-1,37662337662338;0,623798170807156;-0,142883427995339
3100;Parcent;7,5;0;39,5663956639566;0,891273247496423;1,25892857142857;1,47693511134838;1,20904564342446
3101;Pedreguer;7,57575757575758;14,88;39,9719002458728;0,880435253825812;0,655032467532468;1,53240769437385;1,02262513857738
3102;Pego;5,78837087480356;28,43;33,4644413734453;1,13614150575056;0,105113636363636;0,64219444233178;0,62781652814866
3103;Penàguila;16,1016949152542;12,16;30,1136363636364;-0,339298271137945;0,765422077922078;0,183807984081582;0,203310596955238
3104;Petrer;37,6310750433118;27,25;30,0723600833981;-3,41932404053101;0,153003246753247;0,178161434117382;-1,02938645322013
3105;Pinoso;21,1943220753793;44,27;34,2999466287137;-1,06785723539046;-0,537743506493507;0,756490646882866;-0,283036698333702
3106;Planes;15,5339805825243;19,66;26,9180754226268;-0,258080197786019;0,461038961038961;-0,253341255454612;-0,0167941640672232
3107;Polop;5,43478260869565;19,75;36,1185983827493;1,18672637929962;0,457386363636364;1,00528021651838;0,883130986484787
3109;Rafal;13,0699088145897;37,04;29,6101949025487;0,09443364598145;-0,244318181818182;0,114937743166721;-0,0116489308900037
3110;"Ràfol d'Almúnia, el";6,30630630630631;14,33;35,9042553191489;1,06204487749552;0,677353896103896;0,975958319993015;0,905119031197477
3111;Redován;13,3668341708543;80,95;25,7539682539683;0,0519550542411629;-2,02637987012987;-0,412589842138406;-0,795671552675704
3112;Relleu;11,6182572614108;51,43;32,7493261455526;0,302109118539229;-0,828327922077922;0,544367461771896;0,00604955274440104
3113;Rojales;16,967706622879;28,95;40,3259427705135;-0,463191219295999;0,0840097402597403;1,58084032428366;0,4005529484158
3114;"Romana, la";13,4052388289676;30,46;36,668412781561;0,0464608256126407;0,0227272727272727;1,08049422456375;0,383227440967888
3115;Sagra;10,3703703703704;22,73;32,010582010582;0,480633709532136;0,336444805194805;0,443308072583039;0,42012886243666
3116;Salinas;34,7438752783964;53,85;28,3500455788514;-3,00627686386215;-0,926542207792208;-0,0574493052186847;-1,33008945895768
3117;"Sanet y Negrals";8,71794871794872;8;43,7956204379562;0,71703165694582;0,934253246753247;2,05548843200495;1,23559111190134
3118;"San Fulgencio";18,2444061962134;40,79;61,9736015084852;-0,645837796310934;-0,39650974025974;4,54221634862999;1,16662293735311
3119;"Sant Joan d'Alacant";16,1636363636364;42,61;41,7041682036149;-0,34815970867473;-0,470373376623377;1,76938005521408;0,31694898997199
3120;"San Miguel de Salinas";16,0169491525424;53,09;39,1201353637902;-0,327174413811498;-0,895698051948052;1,41588719066897;0,0643382416364741
3121;"Santa Pola";10,9256743644479;26,53;29,0833723340242;0,401191078047512;0,182224025974026;0,0428689923425725;0,208761365454703
3122;"Sant Vicent del Raspeig / San Vicente del Raspeig";16,7938269464193;35,33;34,9461077844311;-0,438315729101471;-0,174918831168831;0,844884785831893;0,0772167418538635
3123;Sax;23,7529002320186;22,44;26,9665624248256;-1,43389130644042;0,348214285714286;-0,246708286617565;-0,444128435781234
3124;Sella;4,8780487804878;10,79;30;1,2663735650232;0,821022727272727;0,168262653898769;0,751886315398233
3125;Senija;11,8421052631579;4,42;31,0699588477366;0,270085083954522;1,07954545454545;0,314631853315543;0,554754130605173
3127;Tárbena;7,82608695652174;23,26;24,5441795231417;0,844622753001182;0,314935064935065;-0,578087616533289;0,193823400467652
3128;Teulada;12,0847651775487;7,66;71,453154875717;0,235369788619645;0,948051948051948;5,83900887492709;2,34081020386623
3129;Tibi;9,93788819875776;1,1;30,3349282296651;0,542505264841522;1,21428571428571;0,214080469174428;0,656957149433888
3130;Tollos;9,09090909090909;23,81;21,4285714285714;0,663675380413578;0,292613636363636;-1,00429939417628;-0,0160034591330204
3131;Tormos;3,84615384615385;7,58;36,7491166077738;1,41399801914823;0,951298701298701;1,09153441966811;1,15227704670501
3132;"Torre de les Maçanes, la / Torremanzanas";13,8983050847458;67,67;25,1358695652174;-0,0240779806503237;-1,48741883116883;-0,49714506631773;-0,669547292712295
3133;Torrevieja;15,4927926872143;15,91;46,0662029263612;-0,252187795023511;0,613230519480519;2,36610163151316;0,909048118656724
3134;"Vall d'Alcalà, la";17,2413793103448;53,25;14,9425287356322;-0,50234324897637;-0,902191558441558;-1,89158293630203;-1,09870591457332
3135;"Vall de Ebo";6,06060606060606;72,29;19,2200557103064;1,09719512723805;-1,67491883116883;-1,30642192745466;-0,62804854379515
3136;"Vall de Gallinera";5,47445255474453;24,93;26,8027210884354;1,1810511366603;0,247159090909091;-0,269121602129224;0,386362875146721
3137;"Vall de Laguar, la";3,98773006134969;19,82;26,417004048583;1,39374391110877;0,454545454545455;-0,321887271055677;0,508800698199516
3138;"Verger, el";6,94904037061549;5,9;37,3626373626374;0,970094367580045;1,01948051948052;1,17546338750169;1,05501275818742
3139;"Vila Joiosa, la / Villajoyosa";14,9660633484163;17,99;34,4509143844964;-0,176833097055263;0,528814935064935;0,777142870656143;0,376374902888605
3140;Villena;18,1659606279591;37,6;27,7119620901639;-0,63461525435753;-0,267045454545455;-0,144738428158149;-0,348799712353711
3901;"Poblets, els";9,53846153846154;36,25;48,046875;0,599647848574887;-0,212256493506494;2,63705540355677;1,00814891954172
3902;"Pilar de la Horadada";2,88560632085194;54,42;32,7733333333333;1,55141540474221;-0,949675324675325;0,54765161878705;0,383130566284646
3903;"Montesinos, Los";13,0616509926855;74,04;-;0,0956150225056545;-1,74594155844156;-;-
12001;"Atzeneta del Maestrat";6,04395604395604;83,79;25,2047889098929;1,09957710386895;-2,14163961038961;-0,487716975390851;-0,509926493970504
12002;Aín;6,81818181818182;7,87;22,9007633587786;0,988815190531929;0,939529220779221;-0,80290514927789;0,375146420677753
12003;Albocàsser;6,88524590163934;47,93;24,3207422133863;0,979220901053027;-0,686282467532468;-0,608653595979979;-0,105238387486474
12004;"Alcalà de Xivert";12,5993189557321;35,99;31,2369410781446;0,161756944816578;-0,201704545454546;0,337474839691462;0,0991757463511646
12005;"Alcora, l'";9,94011976047904;38,49;32,556471853711;0,542186014237619;-0,303165584415584;0,51798520570602;0,252335211842685
12006;"Alcudia de Veo";13,2075471698113;32,79;20,9424083769633;0,0747428941614707;-0,0718344155844156;-1,07080596758367;-0,355965829668873
12007;Alfondeguilla;15,6156156156156;6,09;28,7268770402612;-0,269759029415682;1,01176948051948;-0,00589917369888394;0,245370425801638
12008;"Algimia de Almonacid";9,09090909090909;27,27;19,8198198198198;0,663675380413578;0,152191558441558;-1,22437485364982;-0,136169304931561
12009;"Almassora / Almazora";11,8150684931507;47,11;37,2426374771957;0,273953005271719;-0,653003246753247;1,1590475345001;0,259999097672857
12010;Almedíjar;10,6382978723404;14,13;23,8255033557047;0,442303594801084;0,685470779220779;-0,67640172972576;0,150457548098701
12011;Almenara;3,90893470790378;24,15;26,0039761431412;1,40501649386212;0,278814935064935;-0,378389036505998;0,435147464140352
12012;Altura;13,8116591928251;9,78;25,5459960291198;-0,0116822879578129;0,862012987012987;-0,441040214894694;0,136430161386827
12013;Arañuel;5,26315789473684;166,67;11,8181818181818;1,21127927113922;-5,50527597402597;-2,31899017535132;-2,20432895941269
12014;"Ares del Maestre";6,28930817610063;91,74;20,8823529411765;1,0644766557796;-2,46428571428571;-1,07902148547517;-0,826276847993765
12015;Argelita;2,4390243902439;80,81;26,4150943396226;1,61530409295509;-2,02069805194805;-0,322148517151485;-0,242514158714815
12016;Artana;5,20833333333333;31,79;27,1916010498688;1,21912255603243;-0,03125;-0,21592324899196;0,323983102346822
12017;Ayódar;12,8205128205128;24,15;22,7906976744186;0,130112615091156;0,278814935064935;-0,817962014443419;-0,136344821429109
12018;Azuébar;8,95522388059701;0;28,2608695652174;0,683086712360942;1,25892857142857;-0,0696484862903706;0,624122265833048
12020;Barracas;4,61538461538462;18,52;28,0701754385965;1,30395069880048;0,507305194805195;-0,0957352341181272;0,571840219829184
12021;Betxí;6,47394136807818;28,88;29,8013245033113;1,0380627513479;0,0868506493506494;0,141084063380473;0,421999154693008
12022;Bejís;17,9856115107914;27,43;14,1860465116279;-0,608814236164716;0,145698051948052;-1,99506887665829;-0,819395020291651
12024;Benafer;8,57142857142857;33,61;22,2222222222222;0,737993051297772;-0,105113636363636;-0,895728834169327;-0,0876164730783969
12025;Benafigos;16,6666666666667;91,27;17,175572519084;-0,420123986647591;-2,44521103896104;-1,58610499054939;-1,48381333871934
12026;Benasal;10,8856088560886;38,03;26,6117969821674;0,406922910430821;-0,284496753246753;-0,295239810921019;-0,0576045512456504
12027;Benicarló;14,7545219638243;24,92;33,2897389788022;-0,14656966578316;0,247564935064935;0,61829534593738;0,239763538406385
12028;"Benicàssim / Benicasim";10,5678826626551;13,05;41,6069100391134;0,452377301479952;0,729301948051948;1,75607524474876;0,979251498093553
12029;Benlloch;5,69948186528497;73,03;24,6346555323591;1,14885810224822;-1,7049512987013;-0,565710597488498;-0,373934597980527
12031;Borriol;9,89010989010989;61,77;31,543872639763;0,549340502130202;-1,24797077922078;0,379462741417654;-0,106389178557641
12032;Burriana;9,80303577882183;26,95;34,8525573604456;0,561797456534789;0,165178571428571;0,832087190211443;0,519687739391601
12033;Cabanes;6,42002176278564;76,82;23,8599348534202;1,04577657184755;-1,85876623376623;-0,671691538519809;-0,494893733479498
12034;Càlig;7,66423357664234;3,16;25,2267573696145;0,867777742969623;1,13068181818182;-0,484711714143022;0,504582615669473
12036;"Canet lo Roig";8,90207715133531;4,04;24,2395437262357;0,690689964043589;1,09496753246753;-0,619761460159269;0,388632012117284
12037;"Castell de Cabres";8,33333333333333;125;25;0,772055317119695;-3,81412337662338;-0,515731874145007;-1,18593331121623
12038;Castellfort;4,31034482758621;65,13;18,3453237410072;1,34759015342114;-1,38433441558442;-1,42608430355579;-0,487609521906353
12039;Castellnovo;16,7865707434053;10,05;25,9597806215722;-0,437277645694603;0,851055194805195;-0,384434935489438;0,00978087120705127
12040;"Castelló de la Plana / Castellón de la Plana";13,2039351236373;24,52;38,9716346404596;0,0752596389646165;0,263798701298701;1,39557245423524;0,578210264832851
12041;"Castillo de Villamalefa";7,14285714285714;171,64;19,5652173913043;0,942366646229307;-5,70698051948052;-1,25920418723607;-2,00793935349576
12042;Catí;5,57184750733138;23,67;24,3770314192849;1,16711766704844;0,298295454545454;-0,600953294215467;0,288153275792811
12043;Caudiel;8;41,54;18,0141843971631;0,819742489270386;-0,426948051948052;-1,47138380339766;-0,359529788691775
12044;"Cervera del Maestre";7,52688172043011;6,85;23,9795918367347;0,887427507806852;0,980925324675325;-0,655322594153941;0,404343412776078
12045;Cinctorres;5,3921568627451;5,3;28,2218597063622;1,19282448315521;1,04383116883117;-0,0749849922897191;0,720556886565553
12046;Cirat;16,304347826087;67,52;20,253164556962;-0,368290103875101;-1,48133116883117;-1,16509376785745;-1,00490501352124
12048;"Cortes de Arenoso";6,70391061452514;56,7;15,9250585480094;1,00516300221386;-1,04220779220779;-1,75717393324085;-0,598072907744929
12049;Costur;14,0845070422535;29,82;23,0290456431535;-0,0507163150577284;0,0487012987012987;-0,785356273166412;-0,262457096507614
12050;"Coves de Vinromà, les";8,35734870317003;41,69;26,8833849329205;0,7686196418927;-0,433035714285714;-0,258086876481459;0,0258323503751756
12051;Culla;8,30769230769231;107,02;24,4491080797482;0,775723561131286;-3,08441558441558;-0,591093285944164;-0,966595103076154
12052;"Xert / Chert";5,64516129032258;28,54;24,4701348747592;1,15662928607688;0,100649350649351;-0,588216843398201;0,223020597776011
12053;Chilches;2,56898192197907;20,32;27,4004683840749;1,59671217139069;0,434253246753247;-0,187350426255138;0,6145383306296
12055;"Xodos / Chodos";0;108,11;16,875;1,96423462088698;-3,1286525974026;-1,62722298221614;-0,930546986243919
12056;Chóvar;9,67741935483871;15,42;21,1904761904762;0,5797683326411;0,633116883116883;-1,03687056217836;0,0586715511932078
12057;Eslida;8,04953560371517;41,72;25,177304964539;0,812655850684525;-0,434253246753247;-0,491476749037072;-0,0376913817019312
12058;Espadilla;0;53,33;10,126582278481;1,96423462088698;-0,905438311688312;-2,55039914111067;-0,497200943970666
12059;Fanzara;17,2043010752688;11,03;27,2413793103448;-0,49703878043903;0,811282467532468;-0,209113637435728;0,0350433498859031
12060;Figueroles;21,52466367713;53,23;29,3515358361775;-1,11511640588413;-0,90137987012987;0,0795534659613506;-0,645647603350882
12061;Forcall;5,08474576271187;31,37;26,3245033112583;1,23680318130016;-0,0142045454545455;-0,334541270689702;0,296019121718638
12063;"Fuente la Reina";0;0;10;1,96423462088698;1,25892857142857;-2,56771545827633;0,218482578013073
12064;"Fuentes de Ayódar";3,57142857142857;0;18,75;1,45330063355814;1,25892857142857;-1,37072503419973;0,447168056928996
12065;Gaibiel;7,40740740740741;31,39;22,0264317180617;0,904519684204949;-0,0150162337662338;-0,922512760867076;-0,0110031034761204
12066;Gátova;7,95454545454545;6,94;26,4392324093817;0,826245285472753;0,977272727272727;-0,318846455624943;0,494890519040179
12067;Geldo;27,2727272727273;9,05;23,9888423988842;-1,93744310053323;0,89163961038961;-0,654057127375617;-0,566620205839745
12068;Herbés;0;96;21,4814814814815;1,96423462088698;-2,63717532467532;-0,997061356842479;-0,556667353543607
12069;Higueras;22,2222222222222;30,3;21,2121212121212;-1,21491018915912;0,0292207792207792;-1,03390954690544;-0,739866318947927
12070;"Jana, la";4,74860335195531;4,56;25,2676659528908;1,28489222432685;1,07386363636364;-0,479115464720822;0,626546798656555
12071;Jérica;18,5374149659864;33,82;25,3794778384942;-0,687756075248411;-0,113636363636364;-0,46381972113622;-0,421737386673665
12072;"Lucena del Cid";13,6678200692042;52,74;26,1000602772755;0,00889555519253879;-0,881493506493507;-0,365244832110059;-0,412614261137009
12073;Ludiente;3,03030303030303;86,96;12,8301886792453;1,53071487406251;-2,27029220779221;-2,18054874428929;-0,973375359339662
12074;"Llosa, la";3,20366132723112;51,4;22,466039707419;1,50591397321443;-0,82711038961039;-0,862374869026126;-0,0611904284740279
12075;"Mata, la";0;0;25,8064516129032;1,96423462088698;1,25892857142857;-0,40541017607343;0,939251005414041
12076;Matet;10,2564102564103;0;19,0140845070423;0,496937016250321;1,25892857142857;-1,33459856264812;0,140422341676925
12077;Moncofa;5,46031746031746;36,36;27,369601794728;1,18307332470423;-0,216720779220779;-0,191572941897676;0,258259867861924
12078;Montán;8,91089108910891;12,05;15,3424657534247;0,689429028739784;0,769886363636364;-1,83687198995559;-0,125852199193146
12079;Montanejos;6,06060606060606;72,32;19,1943127962085;1,09719512723805;-1,67613636363636;-1,30994352993043;-0,629628255442917
12080;Morella;7,9232693911593;42,72;29,5383547379382;0,830719686529428;-0,474837662337662;0,10511008726925;0,153664037153672
12081;Navajas;12,5;7,3;25,8771929824561;0,175965665236052;0,962662337662338;-0,395732834137326;0,247631722920354
12082;Nules;6,11256808553561;29,39;32,8101968264979;1,0897613611537;0,0661525974025974;0,552694504308876;0,569536154288392
12083;"Olocau del Rey";2,98507462686567;13,61;25,3086419753086;1,53718531804497;0,706574675324675;-0,47350998969786;0,590083334557261
12084;Onda;16,5202362091315;39,58;31,3824756606398;-0,39917542333784;-0,347402597402597;0,357383811305031;-0,129731403145135
12085;"Orpesa / Oropesa del Mar";10,7462686567164;20,36;38,8960758947822;0,426857130655734;0,43262987012987;1,38523610051741;0,74824103376767
12087;Palanques;0;0;33,3333333333333;1,96423462088698;1,25892857142857;0,624259005927952;1,28247406608117
12088;Pavías;13,0434782608696;16,13;21,5384615384615;0,0982148410773156;0,604301948051948;-0,989266547406082;-0,0955832527589395
12089;Peñíscola;12,8726287262873;8,15;34,8012582213326;0,122656834579791;0,928165584415584;0,825069524122102;0,625297314372492
12090;"Pina de Montalgrao";5,40540540540541;5,15;21,256038647343;1,19092912655144;1,04991883116883;-1,02790168982996;0,404315422630105
12091;"Portell de Morella";3,05343511450382;7,41;20,2020202020202;1,52740556301805;0,958198051948052;-1,17209025964156;0,437837785108182
12092;"Puebla de Arenoso";11,1111111111111;111,68;8,86699507389163;0,374662215863933;-3,27353896103896;-2,72270929221729;-1,87386201246411
12093;"Pobla de Benifassà, la";1,04166666666667;22,94;20,2643171806167;1,81521220791607;0,327922077922078;-1,16356810114682;0,326522061563776
12094;"Pobla Tornesa, la";10,655737704918;23,35;27,843137254902;0,439808625905861;0,311282467532467;-0,126793809178938;0,20809909475313
12095;Ribesalbes;10,8695652173913;43,41;29,5658682634731;0,40921813771226;-0,502840909090909;0,108873907451855;0,0050837120244018
12096;Rossell;8,33333333333333;0,87;26,88;0,772055317119695;1,22362012987013;-0,258549931600547;0,579041838463092
12097;Sacañet;6,12244897959184;0;4,91803278688525;1,08834778546612;1,25892857142857;-3,26292301137001;-0,305215551491773
12098;"Salzadella, la";7,23270440251572;9,99;27,6255707762557;0,929512961013487;0,85349025974026;-0,156556665354896;0,542148851799617
12099;"San Jorge";3,96039603960396;5,69;33,4519572953737;1,39765435771045;1,02800324675325;0,640486634114044;1,02204807952591
12100;"Sant Mateu";3,92441860465116;19,94;30,5540318156884;1,40280134411285;0,449675324675325;0,244053599957377;0,698843422915185
12101;"San Rafael del Río";5,84795321637427;35,48;27,9352226720648;1,12761756561169;-0,181006493506493;-0,114196624888539;0,277471482405553
12102;"Santa Magdalena de Pulpis";8,81226053639847;0;20,1602136181575;0,703539265179046;1,25892857142857;-1,17780935456121;0,261552827348802
12103;Sarratella;3,7037037037037;26,79;20,1754385964912;1,43437715254597;0,171672077922078;-1,17572659418725;0,143440878760266
12104;Segorbe;12,4749163879599;11,71;31,7151240330755;0,179554164812608;0,783685064935065;0,40288974460677;0,455376324784814
12105;"Sierra Engarcerán";11,7021276595745;69;23,6521739130435;0,290110492192494;-1,5413961038961;-0,70011300779159;-0,6504662064984
12106;Soneja;20,1735357917571;2,3;29,4773519163763;-0,921822001681981;1,16558441558442;0,096764968040534;0,113509127314323
12107;"Sot de Ferrer";6,70731707317073;5,25;24,8175182481752;1,00467566907429;1,04586038961039;-0,54069517808821;0,503280293532156
12108;"Suera / Sueras";15,3439153439153;11,13;28,6440677966102;-0,2308891765258;0,807224025974026;-0,0172273876046284;0,186369153947866
12109;Tales;22,9681978798587;45,96;24,8407643312102;-1,32163059797692;-0,606331168831169;-0,537515139369331;-0,821825635392472
12110;Teresa;8,05369127516778;69,15;16,25;0,812061334024637;-1,54748376623377;-1,71272229822161;-0,816048243476915
12111;Tírig;2,5830258302583;63,33;27,7165354330709;1,59470302857535;-1,31128246753247;-0,144112799853507;0,0464359203964587
12112;Todolella;0;7,04;35,7615894039735;1,96423462088698;0,973214285714286;0,956441778929345;1,29796356184354
12113;Toga;14,2857142857143;49,5;23,3009708737864;-0,0795013284283669;-0,75;-0,748157199208426;-0,525886175878931
12114;Torás;8,7719298245614;31,25;13,8709677419355;0,709309037974048;-0,0093344155844156;-2,03817130753277;-0,446065561714378
12115;"Toro, El";6,92307692307692;28,88;24,6666666666667;0,973808737757236;0,0868506493506494;-0,561331509347925;0,166442625919987
12116;"Torralba del Pinar";0;0;7,46268656716418;1,96423462088698;1,25892857142857;-2,91481715907467;0,102782011080295
12117;Torreblanca;9,05391658189217;47,48;26,2952525471494;0,668967584850906;-0,66801948051948;-0,338542743208022;-0,112531546292199
12118;Torrechiva;14,2857142857143;76,92;19,3548387096774;-0,0795013284283669;-1,86282467532468;-1,28798376064604;-1,07676992146636
12119;"Torre d'En Besora, la";7,89473684210526;0;27,9166666666667;0,834801596265342;1,25892857142857;-0,116735066119471;0,658998367191481
12120;"Torre Endoménech";2,60869565217391;47,27;26,7361111111111;1,59103066492505;-0,659496753246753;-0,278233774129807;0,217766712516163
12121;Traiguera;5,76923076923077;17,14;26,2454434993925;1,13887971827886;0,563311688311688;-0,345356566430579;0,452278280053323
12122;"Useres, les / Useras";10;105,41;21,7504332755633;0,533619456366238;-3,01907467532468;-0,96026904575058;-1,14857475490301
12123;Vallat;0;31,25;20;1,96423462088698;-0,0093344155844156;-1,19972640218878;0,251724601037928
12124;"Vall d'Alba";9,71168437025797;4,03;26,6842105263158;0,574866327573968;1,09537337662338;-0,285333717330262;0,461635328955694
12125;"Vall de Almonacid";14,4736842105263;0;22,8782287822878;-0,106392590919359;1,25892857142857;-0,805987854680188;0,115516041943008
12126;"Vall d'Uixó, la";14,6223399397205;36,84;31,8389194237885;-0,12765950496717;-0,236201298701299;0,419824818575716;0,0186546716357489
12127;Vallibona;3,03030303030303;98,9;22,8260869565217;1,53071487406251;-2,75487012987013;-0,813120799381431;-0,679092018396349
12128;Vilafamés;12,3339658444023;15,42;64,5365168539326;0,199718763318701;0,633116883116883;4,89282036305507;1,90855200316355
12129;"Villafranca del Cid";11,2271540469974;28,93;25,0363901018923;0,358060937482491;0,0848214285714286;-0,510753748031151;-0,0226237939924105
12130;"Villahermosa del Río";7,37327188940092;104,94;17,7480916030534;0,909403163175834;-3;-1,50778500642224;-1,19946061441547
12131;Villamalur;5,55555555555556;0;16,6666666666667;1,16944841837546;1,25892857142857;-1,65572275421797;0,257551411862021
12132;"Vilanova d'Alcolea";9,88593155893536;46,04;20,9809264305177;0,549938260524269;-0,609577922077922;-1,06553674001126;-0,375058800521637
12133;"Villanueva de Viver";2,12765957446809;85,47;16,3934426229508;1,6598484156698;-2,20982142857143;-1,69309950438429;-0,747690839095307
12134;"Vilar de Canes";16,3934426229508;94,74;20,2970297029703;-0,381036140622435;-2,58603896103896;-1,15909306388915;-1,37538938851685
12135;"Vila-real / Villarreal";10,9858107689448;39,68;35,5946950721122;0,39258787282621;-0,351461038961039;0,933610816978416;0,324912550281196
12136;Villavieja;3,31421287444232;35,92;26,0127314814815;1,49009830122427;-0,198863636363636;-0,377191315802807;0,30468111635261
12137;Villores;0;11,24;30,7692307692308;1,96423462088698;0,80275974025974;0,273492581290119;1,01349564747895
12138;Vinaròs;11,002994011976;30,43;32,088285229202;0,390129612020594;0,0239448051948052;0,453937787852536;0,289337401689312
12139;"Vistabella del Maestrazgo";4,04624277456647;137,07;17,4953959484346;1,38537299362425;-4,30397727272727;-1,54235349542618;-1,48698592484307
12140;Viver;11,7794486215539;21,04;21,5719063545151;0,279048838118185;0,405032467532468;-0,984691333171676;-0,100203342507008
12141;"Zorita del Maestrazgo";0;6,94;21,3333333333333;1,96423462088698;0,977272727272727;-1,01732786137711;0,641393162260867
12142;Zucaina;6,59340659340659;120,54;23,109243697479;1,02097187504913;-3,63311688311688;-0,774385267102737;-1,12884342505683
12901;"Alquerías del Niño Perdido";6,114050558495;42,23;31,7565698478562;1,08954927632403;-0,454951298701299;0,408559486710828;0,347719154777854
12902;"Sant Joan de Moró";5,60897435897436;11,95;-;1,16180624335131;0,773944805194805;-;-
46001;Ademuz;17,8733031674208;57,6;18,8461538461538;-0,592747234251905;-1,07873376623377;-1,35757129327581;-1,00968409792049
46002;Ador;16,1016949152542;36,96;31,7095588235294;-0,339298271137945;-0,241071428571429;0,402128430031383;-0,0594137565593301
46003;"Atzeneta d'Albaida";20,2672605790646;23,21;29,9520766773163;-0,935230411883346;0,316964285714286;0,161706795802502;-0,152186443455519
46004;Agullent;15,4816513761468;13,08;29,9475441106342;-0,250593902166922;0,728084415584416;0,161086745640799;0,212859086352764
46005;Alaquàs;18,9297452752671;41,26;30,2238960393991;-0,743883444244213;-0,415584415584416;0,198891387058698;-0,320192157589977
46006;Albaida;16,4794007490637;17,67;32,2085889570552;-0,393333440495518;0,541801948051948;0,470395206163504;0,206287904573311
46007;Albal;17,4849972722313;30,2;35,1643551381457;-0,537195604038815;0,0332792207792208;0,874740784972049;0,123608133904152
46008;"Albalat de la Ribera";19,3155893536122;35;28,9730349971314;-0,799082883206319;-0,161525974025974;0,0277749654078499;-0,310944630608148
46009;"Albalat dels Sorells";15,345080763583;58,3;30,0734878462408;-0,231055903230753;-1,10714285714286;0,178315710840057;-0,386627683177851
46010;"Albalat dels Tarongers";19,811320754717;7,62;33,6860670194003;-0,870002969201285;0,949675324675325;0,672512588153262;0,250728314542434
46011;Alberic;26,1350059737157;28,34;27,9507434944238;-1,7746789661968;0,108766233766234;-0,112073393375678;-0,592662041935416
46012;Alborache;25,207756232687;27,5;27,0975056689342;-1,64202521211545;0,142857142857143;-0,228795394126643;-0,575987821128316
46013;Alboraya;12,089640259485;20,91;37,6763272634009;0,234672352005013;0,410308441558442;1,21837582262666;0,621118872063371
46014;Albuixech;12,4394184168013;38,92;29,9358758015525;0,184632558397526;-0,320616883116883;0,15949053372811;0,00783540300291755
46015;Alcàsser;22,1875973823621;26,13;33,757785467128;-1,20995670706182;0,198457792207792;0,682323593314367;-0,109725107179886
46016;"Alcàntera de Xúquer";29,5025728987993;17,75;25,8620689655172;-2,25644819725312;0,538555194805195;-0,397801783102976;-0,705231595183634
46017;Alzira;18,0374427635773;39,94;31,4619563869111;-0,61622929378789;-0,362012987012987;0,368256687675939;-0,203328531041646
46018;Alcublas;6,55737704918033;30,26;16,7441860465116;1,02612631628321;0,0308441558441558;-1,64511818789171;-0,196049238588112
46019;"Alcúdia, l'";13,3648170011806;43,37;28,6612130885874;0,0522436335936143;-0,501217532467532;-0,0148819304258018;-0,154618609766573
46020;"Alcúdia de Crespins, l'";12,677657760091;31,23;28,4771449523344;0,15054967666796;-0,00852272727272731;-0,040062250022655;0,0339882331241925
46021;Aldaia;20,1127395715896;51,36;29,4535543541397;-0,913124402230276;-0,825487012987013;0,0935094875704067;-0,548367309215627
46022;Alfafar;18,9486858573216;33,96;30,2962632127438;-0,746593112635429;-0,119318181818182;0,208791137174252;-0,219040052426453
46023;Alfauir;14,5161290322581;14,87;32,0557491289199;-0,112464811481841;0,655438311688312;0,449486884941157;0,330820128382543
46024;"Alfara de Algimia";13,9784946236559;14,55;27,8937381404175;-0,0355500176904023;0,668425324675325;-0,119871663417584;0,171001214522446
46025;"Alfara del Patriarca";14,1630901287554;26,7;30,1234567901235;-0,0619585305801667;0,175324675324675;0,185151407677628;0,0995058508073788
46026;Alfarp;15,1273885350318;10,16;30,936329588015;-0,199912522894399;0,846590909090909;0,296351516828315;0,314343301008275
46027;Alfarrasí;11,25;19,79;30,6038047973532;0,354792560801145;0,455762987012987;0,250862489378001;0,353806012397377
46028;"Algar de Palancia";19,2307692307692;16,57;21,6284987277354;-0,786948387806757;0,586444805194805;-0,976949558449334;-0,392484380353762
46029;Algemesí;15,9222575219585;46,55;29,2926108374384;-0,313627685544852;-0,630275974025974;0,071492590620852;-0,290803689649991
46030;"Algimia de Alfara";14,8936170212766;12,41;28,4890426758939;-0,166468815633275;0,755275974025974;-0,0384346544604804;0,183457501310739
46031;Alginet;11,9277355779101;39,69;28,364104765994;0,257834681271806;-0,351866883116883;-0,0555260238038313;-0,0498527418829696
46032;Almàssera;13,5325131810193;40,17;32,6094957673905;0,0282527638026709;-0,371347402597403;0,525238819068469;0,0607147267579123
46033;Almiserà;11,3924050632911;11,24;31,9796954314721;0,33441987649626;0,80275974025974;0,439082822362802;0,525420813039601
46034;Almoines;16,8862275449102;12,72;32,3875802997859;-0,451534698842658;0,742694805194805;0,494881025962499;0,262013710771549
46035;Almussafes;11,3857677902622;19,4;42,562893081761;0,335369414840891;0,471590909090909;1,88685267876348;0,897937667565092
46036;Alpuente;13,9433551198257;40,5;15,2812762384551;-0,0305229069850799;-0,38474025974026;-1,84524264863816;-0,753501938454499
46037;"Alqueria de la Comtessa, l' / Alquería de la Condesa";12,0200333889816;0;30,8338720103426;0,244630416454702;1,25892857142857;0,282335432331409;0,595298140071561
46038;Andilla;10,6060606060606;40;20,2185792349727;0,446915507001344;-0,364448051948052;-1,16982500205572;-0,362452515667476
46039;Anna;11,4366729678639;4,63;21,9429857464366;0,328086842937927;1,07102272727273;-0,933928078462844;0,15506049724927
46040;Antella;38,4898710865562;39,7;24,1590214067278;-3,5421847048006;-0,352272727272727;-0,63077682534503;-1,50841141913945
46041;"Aras de Alpuente";10,5960264900662;35,99;17,2897196261682;0,448351002851756;-0,201704545454546;-1,57048979122186;-0,441281111274882
46042;"Aielo de Malferit";18,1028724114896;55,36;25,9220507454878;-0,625589758439148;-0,987824675324675;-0,389596341246534;-0,667670258336786
46043;"Ayelo de Rugat";12,8571428571429;5,43;25,3731343283582;0,124872266503168;1,03855519480519;-0,464687506380546;0,232913318309272
46044;Ayora;17,7052423343225;53,03;22,9204504177261;-0,568704196612654;-0,893262987012987;-0,800211981159218;-0,754059721594953
46045;Barxeta;12,7324749642346;14,88;25,5784865540963;0,142707444315505;0,655032467532468;-0,436595546635252;0,120381455070907
46046;Barx;19,0751445086705;35,63;32,2613065326633;-0,764684479065882;-0,187094155844156;0,477606912813039;-0,158057240699
46047;Bèlgida;10,0371747211896;23,26;24,5949926362297;0,528301184379172;0,314935064935065;-0,571136438272264;0,0906999370139907
46048;Bellreguard;13,7824474660074;37,51;34,8085799619875;-0,00750321402108964;-0,263392857142857;0,82607113023085;0,185058353022301
46049;Bellús;18,7919463087248;13,09;28,8135593220339;-0,724169715125155;0,727678571428571;0,00595886758329687;0,00315590796223785
46050;Benagéber;2,17391304347826;80,36;38,8429752066116;1,65323132425204;-2,00243506493507;1,37797198448859;0,342922747935186
46051;Benaguasil;14,4578313253012;27,13;25,3039688001835;-0,104124653118913;0,157873376623377;-0,474149274940694;-0,14013351714541
46052;Benavites;11,0687022900763;20,24;29,5281582952816;0,380729286112112;0,4375;0,10371522507272;0,307314837061611
46053;Beneixida;16,2393162393162;25,11;30,2658486707566;-0,358986586454397;0,239853896103896;0,20463046111582;0,028499256921773
46054;Benetússer;19,1735247767466;18,63;31,0197086546701;-0,778758909405812;0,502840909090909;0,307757681897413;0,01061322719417
46055;Beniarjó;11,1358574610245;14,62;40,036231884058;0,37112196551867;0,665584415584416;1,54120819207359;0,859304857725559
46056;Beniatjar;22,9885057471264;4,37;27,6264591439689;-1,32453587226415;1,08157467532468;-0,156435137623957;-0,133132111521145
46057;Benicolet;13,2530120481928;0;27,5303643724696;0,068238619714911;1,25892857142857;-0,169580797199776;0,385862131314569
46058;"Benifairó de les Valls";19,4600674915636;28,27;27,6758409785933;-0,819752144715816;0,111607142857143;-0,149679756690386;-0,28594158618302
46059;"Benifairó de la Valldigna";10,0371747211896;11,47;32,2033898305085;0,528301184379172;0,793425324675325;0,469683971341788;0,597136826798761
46060;Benifaió;10,8428887547777;25,82;30,7672934855608;0,413034512907338;0,211038961038961;0,273227563004211;0,29910034565017
46061;Beniflá;6,77966101694915;35,71;31,3725490196078;0,994326034771223;-0,190340909090909;0,356025857675491;0,386670327785268
46062;Benigánim;19,3722412947523;23,06;25,9106271122794;-0,807187595815784;0,323051948051948;-0,391159081767526;-0,291764909843787
46063;Benimodo;11,7962466487936;31,04;28,3040935672515;0,276645686867873;-0,000811688311688294;-0,0637354901160793;0,0706995028133686
46064;Benimuslem;16,6666666666667;9,58;33,3919156414763;-0,420123986647591;0,87012987012987;0,632273001569942;0,36075962835074
46065;Beniparrell;13,5537190082645;24,98;44,5916114790287;0,0252190259993617;0,24512987012987;2,16437913529804;0,811576010475759
46066;Benirredrà;15,1098901098901;32,66;28,5238623751387;-0,197409171658099;-0,0665584415584414;-0,033671357710159;-0,0992129903088997
46067;Benisanó;12,3244929797192;18,83;27,5717703349282;0,201073965705409;0,494724025974026;-0,163916506849763;0,177293828276557
46068;Benisoda;14,5299145299145;7,52;28,7581699346405;-0,114436985681621;0,953733766233766;-0,00161833999445683;0,279226146852563
46069;Benisuera;13,4146341463415;5,49;31,5270935960591;0,0451167172615931;1,03612012987013;0,377167386601794;0,486134744577839
46070;Bétera;14,8101898101898;37,01;31,1713554987212;-0,154533592301833;-0,243100649350649;0,32850280420263;-0,0230438124832839
46071;Bicorp;12,6696832579186;16,54;18,9340813464236;0,151690521041695;0,587662337662338;-1,345542907466;-0,202063349587322
46072;Bocairent;20,9972299168975;20,88;28,1699206178932;-1,03966093231724;0,411525974025974;-0,0820902027505939;-0,236741720347286
46073;Bolbaite;14,9312377210216;35,23;23,8709677419355;-0,171850889988786;-0,170860389610389;-0,670182251445214;-0,337631177014796
46074;"Bonrepòs i Mirambell";14,4411473788328;18,16;30,8610400682012;-0,101737822436744;0,521915584415584;0,28605199291398;0,235409918297607
46075;Bufali;5;10,2;34,5794392523364;1,24892703862661;0,844967532467532;0,794724931920171;0,962873167671438
46076;Bugarra;19,9324324324324;21,14;25,9132420091324;-0,887329389475312;0,400974025974026;-0,390801366739751;-0,292385576747012
46077;Buñol;23,086196503918;24,95;27,8144239226033;-1,33851166007411;0,246347402597403;-0,13072176161377;-0,407628673030159
46078;Burjassot;19,9261725535611;41,3;33,4524576718027;-0,886433841711171;-0,417207792207792;0,640555085061927;-0,221028849619012
46079;Calles;13,6363636363636;77,92;25;0,0133957601768763;-1,90340909090909;-0,515731874145007;-0,801915068292407
46080;Camporrobles;17,827868852459;36,39;21,916890080429;-0,586247332254509;-0,217938311688312;-0,937497937013823;-0,580561193652214
46081;Canals;11,9814740233588;33,15;28,3474163145921;0,250146777774129;-0,0864448051948052;-0,0578089856919104;0,0352976622958044
46082;"Canet d'En Berenguer";17,6672384219554;12,34;34,5903771131339;-0,563267299278312;0,758116883116883;0,796221219306969;0,330356934381846
46083;Carcaixent;22,0787362086259;32,52;27,9740696753761;-1,19438286246436;-0,0608766233766235;-0,108882397349372;-0,454713961063452
46084;Càrcer;22,0153340635268;20,11;27,9243404678945;-1,18531245544018;0,442775974025974;-0,115685298509647;-0,286073926641283
46085;Carlet;15,7857646229739;33,42;28,9828474624126;-0,294100804431177;-0,0974025974025975;0,0291172999196507;-0,120795367304708
46086;Carrícola;11,4285714285714;15,87;29,8507462686567;0,329245861434703;0,614853896103896;0,147844906792984;0,363981554777194
46087;"Casas Altas";8,92857142857143;50,96;26,219512195122;0,686899652564889;-0,809253246753247;-0,348903940475793;-0,157085844888051
46088;"Casas Bajas";11,6504854368932;38,83;19,1489361702128;0,297498506882231;-0,316964285714286;-1,31615100270687;-0,445205593846309
46089;Casinos;12,4860646599777;13,23;27,7509864094695;0,177959276111917;0,721996753246753;-0,139399943985016;0,253518695124551
46090;"Castelló de Rugat";26,530612244898;12,23;26,161369193154;-1,83127499927009;0,762581168831169;-0,356857839513812;-0,475183889984246
46091;"Castellonet de la Conquesta";5,71428571428571;141,18;25,8426966292135;1,14674024116084;-4,47077922077922;-0,400451897508415;-1,24149695904226
46092;Castielfabib;11,7924528301887;35,66;22,1705426356589;0,277188436310632;-0,188311688311688;-0,9027985450535;-0,271307265684852
46093;Catadau;14,7208121827411;11,92;30,9216589861751;-0,141747093382134;0,775162337662338;0,294344594552;0,309253279610735
46094;Catarroja;17,8209142141515;33,28;30,3506949596874;-0,585252391151865;-0,0917207792207793;0,216237340586511;-0,153578609928711
46095;"Caudete de las Fuentes";13,7704918032787;28,2;26,4994547437296;-0,00579281878092835;0,114448051948052;-0,310608106192948;-0,0673176243419414
46096;Cerdà;12,3456790123457;4,35;29,8449612403101;0,198043059750261;1,08238636363636;0,147053521246248;0,475827648210958
46097;Cofrentes;25,4385964912281;58,05;31,5483119906868;-1,67504956956053;-1,09699675324675;0,380070039765642;-0,797325427680545
46098;Corbera;18,6864738076622;7,8;32,82394141993;-0,709080659179147;0,94237012987013;0,554574749648421;0,262621406779802
46099;"Cortes de Pallás";16,4556962025316;70,12;27,6297335203366;-0,389942232121837;-1,58685064935065;-0,1559872065203;-0,710926695997596
46100;Cotes;20,8333333333333;37,25;23,3160621761658;-1,01621363853124;-0,252840909090909;-0,746092725558714;-0,671715757726953
46101;"Quart de les Valls";15,2610441767068;39,16;28,8213627992634;-0,219033501674797;-0,330357142857143;0,00702637472822868;-0,18078808993457
46102;"Quart de Poblet";21,0603290676417;45,88;31,7337229339927;-1,04868799250954;-0,603084415584416;0,405434053897765;-0,415446118065397
46103;Quartell;11,1842105263158;11,03;34,4801795063575;0,364204502672992;0,811282467532468;0,78114630729925;0,65221109250157
46104;Quatretonda;11,3879003558719;23,3;23,4816247582205;0,335064326770832;0,313311688311688;-0,723443945523871;-0,0250226434804502
46105;Cullera;16,794380587484;29,14;28,1397544853636;-0,438394933831765;0,0762987012987013;-0,086216896667093;-0,149437709733385
46106;Chelva;21,744966442953;50,69;23,9709443099274;-1,14663325364135;-0,798295454545454;-0,656505566357406;-0,867144758181403
46107;Chella;12,5272331154684;40,91;23,3864541832669;0,172069654439427;-0,40137987012987;-0,736463176023675;-0,321924463904706
46108;Chera;7,83410138248848;30,72;22,9534510433387;0,843476197068887;0,0121753246753247;-0,795697531691014;0,0199846633510659
46109;Cheste;17,0119956379498;16,87;28,1822242072354;-0,469527272954197;0,57426948051948;-0,0804070851935196;0,00811170745725464
46110;Xirivella;19,165223730976;31,02;31,2947299934938;-0,777571349209733;0;0,345380300067554;-0,144063683047393
46111;Chiva;22,4894377640559;24,11;28,752840529341;-1,2531384497934;0,280438311688312;-0,00234739680697761;-0,32501584497069
46112;Chulilla;9,47867298578199;12,6;23,4948604992658;0,608201289587698;0,747564935064935;-0,721633310633956;0,211377638006226
46113;Daimús;20,8333333333333;31,92;33,5418295543393;-1,01621363853124;-0,0365259740259741;0,652781060785133;-0,133319517257359
46114;Domeño;0;37,38;18,0124223602484;1,96423462088698;-0,258116883116883;-1,47162484811923;0,0781642965502902
46115;"Dos Aguas";29,8611111111111;19,18;19,0243902439024;-2,30774121761246;0,480519480519481;-1,33318874912415;-1,05347016207238
46116;"Eliana, l'";11,1483654652137;12,96;40,1695941853422;0,369332551471567;0,732954545454545;1,55945200893874;0,887246368621619
46117;Emperador;13,4615384615385;20,27;34,1614906832298;0,0384065148013646;0,436282467532468;0,737550025065638;0,404079669133157
46118;Enguera;15,5225409836066;18,05;25,208250694169;-0,256443631417247;0,52637987012987;-0,487243407090427;-0,0724357227926013
46119;"Ènova, l'";32,5520833333333;29,72;23,8539898132428;-2,69271578445398;0,0527597402597403;-0,672504813509879;-1,10415361923471
46120;Estivella;24,0694789081886;16,13;27,906976744186;-1,4791815319297;0,604301948051948;-0,118060636910254;-0,330980073596001
46121;Estubeny;38,7755102040816;22,9;21,0144927536232;-3,58304867011182;0,329545454545455;-1,06094490374512;-1,43814937310383
46122;Faura;19,6443007275667;31,99;29,6875;-0,846108830839298;-0,0393668831168831;0,125512995896033;-0,253320906020049
46123;Favara;20,4607046070461;12,19;29,8204979733642;-0,962904807874974;0,764204545454545;0,143706973100439;-0,0183310964399965
46124;"Fontanars dels Alforins";16,7919799498747;36,73;34,4936708860759;-0,438051494974919;-0,231737012987013;0,782991913279883;0,037734468439317
46125;Fortaleny;26,8844221105528;30,55;31,6316316316316;-1,88189157518637;0,0190746753246753;0,391468075462603;-0,490449608133032
46126;Foios;12,9858657243816;28,32;33,1015037593985;0,106456977913931;0,109577922077922;0,592544973925923;0,269526624639259
46127;"Font d'En Carròs, la";14,440203562341;56,48;30,3215926493109;-0,101602798618164;-1,03327922077922;0,212256176376317;-0,307541947673689
46128;"Font de la Figuera, la";15,203955500618;33,22;22,7375056280955;-0,210866309101294;-0,0892857142857143;-0,825238628167517;-0,375130217184842
46129;Fuenterrobles;21,4285714285714;21,65;31,0810810810811;-1,10136930308604;0,380275974025974;0,316153362664991;-0,134979988798359
46130;Gavarda;30,4651162790698;37,11;28,08;-2,39415111288552;-0,247159090909091;-0,0943912448700412;-0,911900482888216
46131;Gandia;18,8025309283218;25,84;39,0302281589005;-0,725683966855772;0,210227272727273;1,40358798343372;0,296043763101741
46132;Genovés;19,7038724373576;13,98;25,9936043855642;-0,854631249979632;0,691558441558441;-0,379807881591767;-0,180960230004319
46133;Gestalgar;32,0388349514563;65,6;22,4422442244224;-2,61928969262608;-1,40340909090909;-0,865630065058489;-1,62944294953122
46134;Gilet;12,8205128205128;39,51;29,441201000834;0,130112615091156;-0,344561688311688;0,0918195623575962;-0,0408765036209787
46135;Godella;12,1158690176322;8,47;37,6551580264942;0,230920026089808;0,915178571428571;1,21547989418525;0,787192830567878
46136;Godelleta;9,71830985915493;13,83;25,8363355635615;0,573918475085132;0,697646103896104;-0,401322084328112;0,290080831551041
46137;"Granja de la Costera, la";11,8055555555556;20,41;28,5714285714286;0,275313940549992;0,430600649350649;-0,0271643541137387;0,226250078595634
46138;Guadasequies;12,6760563380282;34,48;32,6732673267327;0,150778778536743;-0,140422077922078;0,533962698595442;0,181439799736702
46139;Guadassuar;16,0253287871408;21,84;30,387971041396;-0,328373217044459;0,372564935064935;0,221336667769625;0,0885094619300337
46140;Guardamar;6,89655172413793;38,46;35,0877192982456;0,977603472941641;-0,301948051948052;0,864257085943312;0,513304168978967
46141;Higueruelas;29,5154185022026;34,61;25,4637436762226;-2,25828590875574;-0,145698051948052;-0,452292246754775;-0,952092069152857
46142;Jalance;23,0769230769231;55,61;23,1686541737649;-1,3371849895455;-0,997970779220779;-0,766257978965129;-1,03380458257714
46143;Xeraco;18,8382193268187;50,66;30,1742919389978;-0,730789603264474;-0,797077922077922;0,192105600410099;-0,445253974977432
46144;Jarafuel;24,0131578947368;69,15;28,2926829268293;-1,47112416233717;-1,54748376623377;-0,0652964532381306;-1,02796812726969
46145;Xàtiva;17,5040518638574;24,66;33,7884796206206;-0,539921582812214;0,258116883116883;0,686522519920737;0,134905940075135
46146;Xeresa;12,2950819672131;32,4;30,1048427358962;0,205281549754919;-0,0560064935064935;0,18260502543039;0,110626693892939
46147;Llíria;19,669294366468;36,73;31,1714096624752;-0,849684458722173;-0,231737012987013;0,328510213744895;-0,25097041932143
46148;Loriguilla;10,2150537634409;12,39;27,0242914979757;0,502853538849662;0,756087662337662;-0,238811012588822;0,340043396199501
46149;"Losa del Obispo";11,9047619047619;20,69;24,8953974895398;0,261121329790858;0,419237012987013;-0,530041383099897;0,0501056532259912
46150;Llutxent;11,3765642775882;25,48;21,1774671749259;0,33668608332072;0,224837662337662;-1,03865018126869;-0,159042145203436
46151;"Llocnou d'En Fenollet";13,3064516129032;37,87;22,9385307346327;0,060593474548895;-0,278003246753247;-0,79773861359334;-0,338382795265897
46152;"Lugar Nuevo de la Corona";10;94,34;20,6611570247934;0,533619456366238;-2,5698051948052;-1,10928084476151;-1,04848886106682
46153;"Llocnou de Sant Jeroni";10,0917431192661;29,01;33,8078291814947;0,520494546599992;0,0815746753246752;0,68916951867232;0,430412913532329
46154;"Llanera de Ranes";8,33333333333333;14,86;27,9503105590062;0,772055317119695;0,655844155844156;-0,112132618467003;0,438588951498949
46155;Llaurí;18,052738336714;26,42;33,2854061826024;-0,618417501675822;0,186688311688312;0,617702624159021;0,0619911447238369
46156;Llombai;12,5131440588854;29,68;30,5823016964695;0,174085256239573;0,0543831168831169;0,247920888709919;0,15879642061087
46157;"Llosa de Ranes";12,5311203319502;20,77;24,6231155778894;0,171513543354763;0,41599025974026;-0,567289250630719;0,00673818415476805
46158;Macastre;28,2282282282282;38,86;23,5023041474654;-2,0741385161986;-0,318181818181818;-0,720615027706506;-1,03764512069564
46159;Manises;22,6917684758662;46,9;31,9486343253159;-1,28208418824982;-0,644480519480519;0,434833697033644;-0,49724367023223
46160;Manuel;22,675026123302;26,89;28,1701776125568;-1,279689001903;0,167613636363636;-0,0820550461618611;-0,398043470567076
46161;Marines;19,5011337868481;10,7;31,3943541488452;-0,825627151194288;0,824675324675325;0,359008775491815;0,119352316324284
46162;Masalavés;19,672131147541;26,52;28,1333333333333;-0,850090292924318;0,18262987012987;-0,0870953032375741;-0,251518575344007
46163;Massalfassar;9,54773869346734;31,78;33,8995046001415;0,598320644711397;-0,0308441558441559;0,701710615614439;0,42306236816056
46164;Massamagrell;20,3324808184143;63,04;30,2151773981603;-0,944560918228086;-1,29951298701299;0,197698686478839;-0,682125072920745
46165;Massanassa;18,8874514877102;21,78;33,994260370467;-0,737832830859831;0,375;0,714673101295076;0,117280090145082
46166;Meliana;13,9905857740586;8,98;30,8886217072904;-0,0372797960026578;0,894480519480519;0,289825130956281;0,382341951478048
46167;Millares;20,820189274448;80,41;23,6772486772487;-1,01433322953476;-2,00446428571429;-0,696682807489921;-1,23849344091299
46168;Miramar;13,4831460674157;73,99;31,2041884816754;0,0353152979376639;-1,74391233766234;0,332994320338631;-0,458534239795347
46169;Mislata;18,7065972222222;18,62;31,7229607407024;-0,711959545382292;0,503246753246753;0,403961797633711;0,065083001832724
46170;"Moixent / Mogente";9,22391857506361;38,34;21,608643457383;0,644646841907924;-0,297077922077922;-0,97966573770411;-0,21069893929137
46171;Moncada;17,1245919477693;41,17;31,5789473684211;-0,485635471783879;-0,411931818181818;0,384260925912593;-0,171102121351035
46172;Monserrat;14,3579373104146;9,65;27,1798900235664;-0,0898336638647438;0,867288961038961;-0,217525304573683;0,186643330866845
46173;Montaverner;10,1492537313433;23,11;28,226779252111;0,512266991224137;0,321022727272727;-0,0743120038151874;0,252992571560559
46174;Montesa;10,4868913857678;44,37;18,0457052797478;0,463964036370845;-0,541801948051948;-1,46707178115625;-0,51496989761245
46175;Montichelvo;9,04761904761905;27,78;26,550079491256;0,669868519653927;0,131493506493506;-0,303682696134615;0,165893110004273
46176;Montroy;17,5787728026534;26,42;24,645509790682;-0,550611273627096;0,186688311688312;-0,564225746828732;-0,309382902922505
46177;Museros;15,0543789353177;24,97;31,9532391622017;-0,189467658843732;0,245535714285714;0,435463633680117;0,163843896374033
46178;Náquera;8,30188679245283;37,57;34,2758620689655;0,776554106945232;-0,265827922077922;0,753195905467239;0,42130736344485
46179;Navarrés;6,27450980392157;38,07;21,471524584365;1,06659373334455;-0,28612012987013;-0,998423449471265;-0,0726499486656138
46180;"Novetlè / Novelé";17,96875;1,92;24,0282685512367;-0,60640200286123;1,18100649350649;-0,64866367288143;-0,0246863940787221
46181;Oliva;17,0295398375897;56,4;33,377692345606;-0,472037172759619;-1,03003246753247;0,630327270260738;-0,29058079001045
46182;Olocau;8,33333333333333;13,11;30,3353658536585;0,772055317119695;0,726866883116883;0,214140335657803;0,571020845298127
46183;"Olleria, l'";12,6553672316384;25,62;29,0526625478082;0,153738593470899;0,219155844155844;0,0386679271967414;0,137187454941161
46184;Ontinyent;16,882372214941;31,05;34,4151498929336;-0,450983149490847;-0,00121753246753251;0,7722503273507;0,106683215130773
46185;Otos;19,7115384615385;0;26,6429840142096;-0,8557279630241;1,25892857142857;-0,290973459068455;0,037409049778672
46186;Paiporta;15,7383119888906;38,03;29,8961187942132;-0,287312158639571;-0,284496753246753;0,154051818633823;-0,139252364417501
46187;"Palma de Gandía";12,9261363636364;16,02;32,5642715886618;0,115001950838861;0,608766233766234;0,519052200911331;0,414273461838809
46188;Palmera;9,04977375565611;48,78;36,6255144032922;0,669560263854634;-0,720779220779221;1,07462577336418;0,341135605479865
46189;"Palomar, el";19,1011235955056;20,64;29,0836653386454;-0,768401086624552;0,421266233766234;0,0429090750540932;-0,101408592601408
46190;Paterna;18,510035561449;34,23;34,4563180058908;-0,683839136115734;-0,130275974025974;0,77788208014922;-0,0120776766641624
46191;Pedralba;15,3153153153153;22,48;24,5754245754246;-0,226797613063707;0,346590909090909;-0,573813327575297;-0,151340010516032
46192;Petrés;20,1520912547529;9,36;35,814606741573;-0,918754113698548;0,879058441558442;0,96369449269125;0,307999606850381
46193;Picanya;17,7669607544874;38,34;29,4155427103404;-0,577533727394474;-0,297077922077922;0,0883095362982759;-0,262100704391373
46194;Picassent;18,3801652892562;53,58;28,5645571359857;-0,665259698033791;-0,915584415584416;-0,0281043589622833;-0,53631615752683
46195;Piles;8,7215064420218;32,67;26,1859582542694;0,716522683544806;-0,0669642857142858;-0,353494082863277;0,0986881049890813
46196;Pinet;19,1011235955056;76,23;37,3493975903614;-0,768401086624552;-1,83482142857143;1,17365220114384;-0,476523438017381
46197;"Polinyà de Xúquer";15,6967840735069;25,66;26,8603133159269;-0,281371112089684;0,217532467532467;-0,261243048436814;-0,108360564331343
46198;Potríes;12,6948775055679;7,76;30,327868852459;0,148086193767106;0,943993506493506;0,213114754098361;0,435064818119658
46199;"Pobla de Farnals, la";18,6652763295099;32,13;33,836254714888;-0,706048115809714;-0,0450487012987014;0,693058100531867;-0,0193462388588495
46200;"Pobla del Duc, la";22,5338491295938;6,01;24,14718282867;-1,25949200709497;1,01501623376623;-0,632396329867306;-0,292290701065346
46201;"Puebla de San Miguel";28,5714285714286;0;12,8205128205128;-2,12323727774372;1,25892857142857;-2,18187239117472;-1,01539369916329
46202;"Pobla de Vallbona, la";12,3760889155903;22,75;31,1844077961019;0,193692572876929;0,335633116883117;0,330288344199993;0,286538011320013
46203;"Pobla Llarga, la";17,6593521421108;13,19;27,4914089347079;-0,562139076124572;0,72362012987013;-0,174909858453091;-0,00447626823584451
46204;Puig;14,622144112478;27,23;32,0161792159303;-0,127631489624897;0,153814935064935;0,444073764149153;0,156752403196397
46205;Puçol;22,5082252757887;41;30,8134888924405;-1,25582621971225;-0,405032467532468;0,279547044109503;-0,460437214378406
46206;Quesa;8,83534136546185;22,13;25,8883248730964;0,700237286772268;0,360795454545455;-0,394210003680377;0,222274245879115
46207;"Rafelbunyol / Rafelbuñol";17,5850503114518;52,28;28,1079991940359;-0,551509343555343;-0,862824675324675;-0,0905609857680073;-0,501631668216008
46208;Rafelcofer;16,4930555555556;58,42;34,4520547945205;-0,395286917819106;-1,11201298701299;0,777298877499391;-0,243333675777567
46209;Rafelguaraf;29,2490118577075;27,49;27,6560562215792;-2,22017337020136;0,143262987012987;-0,152386289797652;-0,743098890995342
46210;"Ráfol de Salem";24,031007751938;29,59;26,3440860215054;-1,47367778997682;0,0580357142857143;-0,331862377359046;-0,582501484350051
46211;"Real de Gandía";9,74967061923584;31,82;32,4921135646688;0,569431957190868;-0,0324675324675325;0,50918106219819;0,348715162307175
46212;"Real de Montroi";16,030534351145;17,76;25,218818380744;-0,329117932924898;0,538149350649351;-0,48579775913215;-0,0922554471358989
46213;Requena;23,3981510997769;27,88;32,7728208647907;-1,38314035762187;0,127435064935065;0,547581513651254;-0,236041259678516
46214;"Riba-roja de Túria";20,6449974606399;23,15;30,0777255062385;-0,98927002298139;0,319399350649351;0,178895418090081;-0,163658418080653
46215;Riola;21,3716108452951;24,92;29,1162227602906;-1,09322043566453;0,247564935064935;0,0473628947045903;-0,266097535298334
46216;Rocafort;9,44206008583691;19,43;39,9116347569956;0,613439186575549;0,470373376623377;1,52416344144946;0,869325334882797
46217;"Rotglá y Corberá";12,5265392781316;25,33;30,6627101879327;0,172168915860997;0,230925324675325;0,25892068234374;0,22067164096002
46218;Rótova;14,2284569138277;18,15;35,965598123534;-0,0713100019782052;0,522321428571429;0,984349948499864;0,478453791697696
46219;Rugat;11,5942028985507;26,46;24;0,305550372167278;0,185064935064935;-0,652530779753762;-0,0539718241738495
46220;"Sagunt / Sagunto";22,5018889308651;31,2;33,5431054691022;-1,25491973259873;-0,00730519480519479;0,652955604528343;-0,203089774291861
46221;Salem;14,1304347826087;29,34;31,0492505353319;-0,0572868072401566;0,0681818181818182;0,311798978841574;0,107564663261079
46222;"San Juan de Énova";18,4397163120567;22,22;26,7605633802817;-0,673779157661908;0,357142857142857;-0,274888730467621;-0,197175010328891
46223;Sedaví;19,7880959800561;24,42;34,3226600985222;-0,86668039771904;0,267857142857143;0,759597824695236;0,0535915232777794
46224;Segart;16,4556962025316;42,55;23,7179487179487;-0,389942232121837;-0,467938311688312;-0,691115086463924;-0,516331876758024
46225;Sellent;23,1884057971014;44,74;30,6122448979592;-1,35313387655242;-0,556818181818182;0,252017085904129;-0,552644990822159
46226;Sempere;6,25;68,18;36,9565217391304;1,07010014306152;-1,50811688311688;1,11990721465533;0,227296824866653
46227;Senyera;18,3879093198992;46,09;25,5757575757576;-0,666367570801037;-0,611607142857143;-0,436968867885421;-0,571647860514533
46228;Serra;7,69230769230769;22,69;28,9232934553132;0,863761417409486;0,338068181818182;0,020970376923825;0,407599992050498
46229;"Siete Aguas";18,3098591549296;58,35;22,3977695167286;-0,655201595841141;-1,10917207792208;-0,871714156398273;-0,878695943387164
46230;Silla;17,281976744186;25,41;30,1207011584885;-0,508151179425758;0,227678571428571;0,184774440285705;-0,0318993892371603
46231;"Simat de la Valldigna";10,8989657915672;27,74;32,3248407643312;0,405012046986091;0,133116883116883;0,4862983261739;0,341475752092291
46232;Sinarcas;18,0257510729614;11,54;31,1228334589299;-0,61455666279848;0,790584415584416;0,321865042261274;0,165964265015737
46233;Sollana;13,8410227904391;25,37;32,1917808219178;-0,0158830887609632;0,229301948051948;0,468095871671383;0,227171576987456
46234;"Sot de Chera";23;62,28;31,8936877076412;-1,32618025751073;-1,26866883116883;0,427317059868837;-0,722510676270241
46235;Sueca;15,9791477787851;22,44;34,3677810225341;-0,321766491957816;0,348214285714286;0,765770317720124;0,264072703825531
46236;Sumacàrcer;45,2674897119342;20,5;25,985401459854;-4,51180110328099;0,426948051948052;-0,380930032851708;-1,48859436139488
46237;"Tavernes Blanques";17,3582700175336;16,08;33,2879256965944;-0,519065810805952;0,606331168831169;0,61804729091579;0,235104216313669
46238;"Tavernes de la Valldigna";13,5817490494297;41,75;32,0054435234443;0,0212090058040546;-0,435470779220779;0,44260513316611;0,00944778658312847
46239;"Teresa de Cofrentes";35,3909465020576;77,36;15,4046997389034;-3,09884785437162;-1,88068181818182;-1,82835844885043;-2,26929604046795
46240;Terrateig;11,7647058823529;22,1;25,5;0,28115795674493;0,362012987012987;-0,447332421340629;0,0652795074724292
46241;Titaguas;9,75609756097561;22,65;19,0938511326861;0,568512509159426;0,339691558441558;-1,32368657555594;-0,138494169318318
46242;Torrebaja;12,2699386503067;2,16;24,0246406570842;0,208878590800179;1,17126623376623;-0,649159964831164;0,24366161991175
46243;Torrella;9,09090909090909;31,25;26,2857142857143;0,663675380413578;-0,0093344155844156;-0,33984756693375;0,104831132631804
46244;Torrent;18,4351214208046;51,33;31,4634750017679;-0,673121805551451;-0,82426948051948;0,36846443252639;-0,376308951181514
46245;"Torres Torres";19,205298013245;23,46;25,065963060686;-0,783304436801865;0,306818181818182;-0,506708199632556;-0,32773148487208
46246;Tous;23,9336492890995;64,15;24,388318863457;-1,45974954064371;-1,34456168831169;-0,599409184205611;-1,13457347105367
46247;Tuéjar;19,3423597678917;28,97;18,5291997116078;-0,802912699269196;0,083198051948052;-1,40093027200988;-0,706881639777008
46248;Turís;15,9045725646123;12,22;24,0057498802108;-0,311097648728516;0,762987012987013;-0,651744202433539;-0,0666182793916807
46249;Utiel;17,258883248731;21,08;30,8043257857384;-0,504847388945774;0,403409090909091;0,278293541140687;0,0589517477013346
46250;Valencia;16,2253225531162;21,89;38,0605093045773;-0,356984628485861;0,370535714285714;1,27093150541413;0,428160863737995
46251;Vallada;8,99908172635445;9,36;23,1108098949509;0,676812342438562;0,879058441558442;-0,774171013002618;0,260566590331462
46252;Vallanca;16,1290322580645;74,69;14,9193548387097;-0,343209192856154;-1,77232142857143;-1,89475310003972;-1,3367612404891
46253;Vallés;19,4444444444444;31,91;29,2929292929293;-0,817517087903354;-0,0361201298701299;0,0715361549834876;-0,260700354263332
46254;"Venta del Moro";14,7766323024055;52,28;26,3817663817664;-0,149732804349857;-0,862824675324675;-0,326707745312397;-0,44642174166231
46255;Villalonga;12,8829536527887;43,83;31,1921458625526;0,121179734937241;-0,519886363636364;0,33134690322197;-0,0224532418257177
46256;Vilamarxant;15,9211927582535;22,28;27,8712663020614;-0,313475358834544;0,354707792207792;-0,122945786311707;-0,0272377843128195
46257;"Villanueva de Castellón";18,2648401826484;7,87;26,281039184728;-0,648761113397482;0,939529220779221;-0,340487115632284;-0,0165730027501816
46258;"Villar del Arzobispo";17,25;16,7;24,8973607038123;-0,503576537911302;0,581168831168831;-0,529772817535935;-0,150726841426135
46259;"Villargordo del Cabriel";24,4541484716157;17,26;28,4105131414268;-1,53421294300654;0,558441558441558;-0,0491774088335449;-0,341649597799509
46260;Vinalesa;14,3352601156069;14,81;34,6084608460846;-0,0865894299866862;0,657873376623377;0,798695054183941;0,456659666940211
46261;Yátova;29,4820717131474;38,46;25,226586102719;-2,25351526654469;-0,301948051948052;-0,48473514326689;-1,01339948725321
46262;"Yesa, La";17;24,31;17,6470588235294;-0,467811158798283;0,272321428571429;-1,52160618009174;-0,57236530343953
46263;Zarra;33,7349397590361;33,41;12,5523012552301;-2,86193701846011;-0,0969967532467531;-2,218563439777;-1,72583240382795
